{
    "f1-score": 0.9471502590673575,
    "accuracy": 0.9267241379310345,
    "precision": 0.9471502590673575,
    "recall": 0.9471502590673575
}